timestamp_utc,participant,stimulus_type,font_size,motion,input_mode,frame_motion,shaking,text_color_mode,background_mode,min_delay_sec,max_delay_sec,repetitions,trial,stimulus,reaction_time_ms
2025-11-18T19:43:30.112861,Francisco,Letters,Small,Static,Text field + Enter,Shaking frame,True,Random colors,White,2.0,3.0,10,1,H,1848.47
2025-11-18T19:43:30.112861,Francisco,Letters,Small,Static,Text field + Enter,Shaking frame,True,Random colors,White,2.0,3.0,10,2,W,2265.28
2025-11-18T19:43:30.112861,Francisco,Letters,Small,Static,Text field + Enter,Shaking frame,True,Random colors,White,2.0,3.0,10,3,D,1413.65
2025-11-18T19:43:30.112861,Francisco,Letters,Small,Static,Text field + Enter,Shaking frame,True,Random colors,White,2.0,3.0,10,4,W,1293.41
2025-11-18T19:43:30.112861,Francisco,Letters,Small,Static,Text field + Enter,Shaking frame,True,Random colors,White,2.0,3.0,10,5,B,1387.66
2025-11-18T19:43:30.112861,Francisco,Letters,Small,Static,Text field + Enter,Shaking frame,True,Random colors,White,2.0,3.0,10,6,P,1119.66
2025-11-18T19:43:30.112861,Francisco,Letters,Small,Static,Text field + Enter,Shaking frame,True,Random colors,White,2.0,3.0,10,7,R,1154.55
2025-11-18T19:43:30.112861,Francisco,Letters,Small,Static,Text field + Enter,Shaking frame,True,Random colors,White,2.0,3.0,10,8,B,1302.56
2025-11-18T19:43:30.112861,Francisco,Letters,Small,Static,Text field + Enter,Shaking frame,True,Random colors,White,2.0,3.0,10,9,P,1010.36
2025-11-18T19:43:30.112861,Francisco,Letters,Small,Static,Text field + Enter,Shaking frame,True,Random colors,White,2.0,3.0,10,10,C,1238.78
2025-11-18T19:46:19.354953,Francisco,Letters,Large,Moving,Text field + Enter,Static frame,False,Random colors,Random colors,0.5,7.0,10,1,J,2209.08
2025-11-18T19:46:19.354953,Francisco,Letters,Large,Moving,Text field + Enter,Static frame,False,Random colors,Random colors,0.5,7.0,10,2,B,1897.71
2025-11-18T19:46:19.354953,Francisco,Letters,Large,Moving,Text field + Enter,Static frame,False,Random colors,Random colors,0.5,7.0,10,3,N,1260.11
2025-11-18T19:46:19.354953,Francisco,Letters,Large,Moving,Text field + Enter,Static frame,False,Random colors,Random colors,0.5,7.0,10,4,R,1018.43
2025-11-18T19:46:19.354953,Francisco,Letters,Large,Moving,Text field + Enter,Static frame,False,Random colors,Random colors,0.5,7.0,10,5,J,972.04
2025-11-18T19:46:19.354953,Francisco,Letters,Large,Moving,Text field + Enter,Static frame,False,Random colors,Random colors,0.5,7.0,10,6,A,993.79
2025-11-18T19:46:19.354953,Francisco,Letters,Large,Moving,Text field + Enter,Static frame,False,Random colors,Random colors,0.5,7.0,10,7,Y,1608.39
2025-11-18T19:46:19.354953,Francisco,Letters,Large,Moving,Text field + Enter,Static frame,False,Random colors,Random colors,0.5,7.0,10,8,J,1086.72
2025-11-18T19:46:19.354953,Francisco,Letters,Large,Moving,Text field + Enter,Static frame,False,Random colors,Random colors,0.5,7.0,10,9,H,1221.22
2025-11-18T19:46:19.354953,Francisco,Letters,Large,Moving,Text field + Enter,Static frame,False,Random colors,Random colors,0.5,7.0,10,10,H,1040.5
2025-11-18T19:59:11.544789,Francisco,Letters,Large,Moving,Text field + Enter,Shaking frame,True,Black,Random colors,2.0,3.0,10,1,K,2043.39
2025-11-18T19:59:11.544789,Francisco,Letters,Large,Moving,Text field + Enter,Shaking frame,True,Black,Random colors,2.0,3.0,10,2,U,1483.25
2025-11-18T19:59:11.544789,Francisco,Letters,Large,Moving,Text field + Enter,Shaking frame,True,Black,Random colors,2.0,3.0,10,3,H,1172.69
2025-11-18T19:59:11.544789,Francisco,Letters,Large,Moving,Text field + Enter,Shaking frame,True,Black,Random colors,2.0,3.0,10,4,V,1127.44
2025-11-18T19:59:11.544789,Francisco,Letters,Large,Moving,Text field + Enter,Shaking frame,True,Black,Random colors,2.0,3.0,10,5,Q,1091.6
2025-11-18T19:59:11.544789,Francisco,Letters,Large,Moving,Text field + Enter,Shaking frame,True,Black,Random colors,2.0,3.0,10,6,U,1113.56
2025-11-18T19:59:11.544789,Francisco,Letters,Large,Moving,Text field + Enter,Shaking frame,True,Black,Random colors,2.0,3.0,10,7,A,1017.86
2025-11-18T19:59:11.544789,Francisco,Letters,Large,Moving,Text field + Enter,Shaking frame,True,Black,Random colors,2.0,3.0,10,8,V,1070.1
2025-11-18T19:59:11.544789,Francisco,Letters,Large,Moving,Text field + Enter,Shaking frame,True,Black,Random colors,2.0,3.0,10,9,L,1063.23
2025-11-18T19:59:11.544789,Francisco,Letters,Large,Moving,Text field + Enter,Shaking frame,True,Black,Random colors,2.0,3.0,10,10,D,1025.71
2025-11-21T12:47:53.767943,Francisco,Letters,Large,Static,Text field + Enter,Static frame,False,Random colors,White,2.0,3.0,10,1,O,1881.94
2025-11-21T12:47:53.767943,Francisco,Letters,Large,Static,Text field + Enter,Static frame,False,Random colors,White,2.0,3.0,10,2,U,2573.58
2025-11-21T12:47:53.767943,Francisco,Letters,Large,Static,Text field + Enter,Static frame,False,Random colors,White,2.0,3.0,10,3,I,1009.41
2025-11-21T12:47:53.767943,Francisco,Letters,Large,Static,Text field + Enter,Static frame,False,Random colors,White,2.0,3.0,10,4,V,897.39
2025-11-21T12:47:53.767943,Francisco,Letters,Large,Static,Text field + Enter,Static frame,False,Random colors,White,2.0,3.0,10,5,B,726.41
2025-11-21T12:47:53.767943,Francisco,Letters,Large,Static,Text field + Enter,Static frame,False,Random colors,White,2.0,3.0,10,6,F,685.38
2025-11-21T12:47:53.767943,Francisco,Letters,Large,Static,Text field + Enter,Static frame,False,Random colors,White,2.0,3.0,10,7,X,685.48
2025-11-21T12:47:53.767943,Francisco,Letters,Large,Static,Text field + Enter,Static frame,False,Random colors,White,2.0,3.0,10,8,R,710.53
2025-11-21T12:47:53.767943,Francisco,Letters,Large,Static,Text field + Enter,Static frame,False,Random colors,White,2.0,3.0,10,9,G,715.97
2025-11-21T12:47:53.767943,Francisco,Letters,Large,Static,Text field + Enter,Static frame,False,Random colors,White,2.0,3.0,10,10,S,623.91
2025-11-21T12:50:30.977292,Francisco,Letters,Small,Static,Text field + Enter,Static frame,False,Black,Random colors,2.0,7.0,10,1,G,1475.21
2025-11-21T12:50:30.977292,Francisco,Letters,Small,Static,Text field + Enter,Static frame,False,Black,Random colors,2.0,7.0,10,2,Y,1309.53
2025-11-21T12:50:30.977292,Francisco,Letters,Small,Static,Text field + Enter,Static frame,False,Black,Random colors,2.0,7.0,10,3,Q,679.04
2025-11-21T12:50:30.977292,Francisco,Letters,Small,Static,Text field + Enter,Static frame,False,Black,Random colors,2.0,7.0,10,4,A,749.17
2025-11-21T12:50:30.977292,Francisco,Letters,Small,Static,Text field + Enter,Static frame,False,Black,Random colors,2.0,7.0,10,5,O,816.3
2025-11-21T12:50:30.977292,Francisco,Letters,Small,Static,Text field + Enter,Static frame,False,Black,Random colors,2.0,7.0,10,6,Z,691.26
2025-11-21T12:50:30.977292,Francisco,Letters,Small,Static,Text field + Enter,Static frame,False,Black,Random colors,2.0,7.0,10,7,N,804.84
2025-11-21T12:50:30.977292,Francisco,Letters,Small,Static,Text field + Enter,Static frame,False,Black,Random colors,2.0,7.0,10,8,X,691.76
2025-11-21T12:50:30.977292,Francisco,Letters,Small,Static,Text field + Enter,Static frame,False,Black,Random colors,2.0,7.0,10,9,A,575.87
2025-11-21T12:50:30.977292,Francisco,Letters,Small,Static,Text field + Enter,Static frame,False,Black,Random colors,2.0,7.0,10,10,G,2900.71
2025-11-21T12:52:18.262900,Francisco,Letters,Small,Moving,Text field + Enter,Shaking frame,True,Random colors,Random colors,0.5,3.0,10,1,L,1985.55
2025-11-21T12:52:18.262900,Francisco,Letters,Small,Moving,Text field + Enter,Shaking frame,True,Random colors,Random colors,0.5,3.0,10,2,W,1117.05
2025-11-21T12:52:18.262900,Francisco,Letters,Small,Moving,Text field + Enter,Shaking frame,True,Random colors,Random colors,0.5,3.0,10,3,S,684.18
2025-11-21T12:52:18.262900,Francisco,Letters,Small,Moving,Text field + Enter,Shaking frame,True,Random colors,Random colors,0.5,3.0,10,4,R,693.56
2025-11-21T12:52:18.262900,Francisco,Letters,Small,Moving,Text field + Enter,Shaking frame,True,Random colors,Random colors,0.5,3.0,10,5,D,701.15
2025-11-21T12:52:18.262900,Francisco,Letters,Small,Moving,Text field + Enter,Shaking frame,True,Random colors,Random colors,0.5,3.0,10,6,H,1350.72
2025-11-21T12:52:18.262900,Francisco,Letters,Small,Moving,Text field + Enter,Shaking frame,True,Random colors,Random colors,0.5,3.0,10,7,I,926.76
2025-11-21T12:52:18.262900,Francisco,Letters,Small,Moving,Text field + Enter,Shaking frame,True,Random colors,Random colors,0.5,3.0,10,8,T,763.11
2025-11-21T12:52:18.262900,Francisco,Letters,Small,Moving,Text field + Enter,Shaking frame,True,Random colors,Random colors,0.5,3.0,10,9,G,793.02
2025-11-21T12:52:18.262900,Francisco,Letters,Small,Moving,Text field + Enter,Shaking frame,True,Random colors,Random colors,0.5,3.0,10,10,T,1297.07
2025-11-21T12:53:43.279320,Francisco,Letters,Large,Static,Text field + Enter,Shaking frame,True,Random colors,Random colors,0.5,7.0,10,1,O,1510.83
2025-11-21T12:53:43.279320,Francisco,Letters,Large,Static,Text field + Enter,Shaking frame,True,Random colors,Random colors,0.5,7.0,10,2,N,1384.62
2025-11-21T12:53:43.279320,Francisco,Letters,Large,Static,Text field + Enter,Shaking frame,True,Random colors,Random colors,0.5,7.0,10,3,K,830.24
2025-11-21T12:53:43.279320,Francisco,Letters,Large,Static,Text field + Enter,Shaking frame,True,Random colors,Random colors,0.5,7.0,10,4,T,3564.13
2025-11-21T12:53:43.279320,Francisco,Letters,Large,Static,Text field + Enter,Shaking frame,True,Random colors,Random colors,0.5,7.0,10,5,G,1020.62
2025-11-21T12:53:43.279320,Francisco,Letters,Large,Static,Text field + Enter,Shaking frame,True,Random colors,Random colors,0.5,7.0,10,6,L,1113.85
2025-11-21T12:53:43.279320,Francisco,Letters,Large,Static,Text field + Enter,Shaking frame,True,Random colors,Random colors,0.5,7.0,10,7,R,830.27
2025-11-21T12:53:43.279320,Francisco,Letters,Large,Static,Text field + Enter,Shaking frame,True,Random colors,Random colors,0.5,7.0,10,8,U,775.99
2025-11-21T12:53:43.279320,Francisco,Letters,Large,Static,Text field + Enter,Shaking frame,True,Random colors,Random colors,0.5,7.0,10,9,E,630.97
2025-11-21T12:53:43.279320,Francisco,Letters,Large,Static,Text field + Enter,Shaking frame,True,Random colors,Random colors,0.5,7.0,10,10,U,887.26
2025-11-21T12:55:19.558017,Francisco,Letters,Small,Moving,Text field + Enter,Static frame,False,Black,White,2.0,7.0,10,1,U,1973.95
2025-11-21T12:55:19.558017,Francisco,Letters,Small,Moving,Text field + Enter,Static frame,False,Black,White,2.0,7.0,10,2,O,1368.29
2025-11-21T12:55:19.558017,Francisco,Letters,Small,Moving,Text field + Enter,Static frame,False,Black,White,2.0,7.0,10,3,W,720.05
2025-11-21T12:55:19.558017,Francisco,Letters,Small,Moving,Text field + Enter,Static frame,False,Black,White,2.0,7.0,10,4,W,605.42
2025-11-21T12:55:19.558017,Francisco,Letters,Small,Moving,Text field + Enter,Static frame,False,Black,White,2.0,7.0,10,5,Z,782.01
2025-11-21T12:55:19.558017,Francisco,Letters,Small,Moving,Text field + Enter,Static frame,False,Black,White,2.0,7.0,10,6,K,832.96
2025-11-21T12:55:19.558017,Francisco,Letters,Small,Moving,Text field + Enter,Static frame,False,Black,White,2.0,7.0,10,7,B,787.36
2025-11-21T12:55:19.558017,Francisco,Letters,Small,Moving,Text field + Enter,Static frame,False,Black,White,2.0,7.0,10,8,C,697.02
2025-11-21T12:55:19.558017,Francisco,Letters,Small,Moving,Text field + Enter,Static frame,False,Black,White,2.0,7.0,10,9,F,753.23
2025-11-21T12:55:19.558017,Francisco,Letters,Small,Moving,Text field + Enter,Static frame,False,Black,White,2.0,7.0,10,10,L,1639.65
2025-11-21T12:56:50.846659,Francisco,Letters,Small,Moving,Text field + Enter,Static frame,False,Random colors,White,2.0,7.0,10,1,H,2051.47
2025-11-21T12:56:50.846659,Francisco,Letters,Small,Moving,Text field + Enter,Static frame,False,Random colors,White,2.0,7.0,10,2,H,1216.53
2025-11-21T12:56:50.846659,Francisco,Letters,Small,Moving,Text field + Enter,Static frame,False,Random colors,White,2.0,7.0,10,3,H,1008.49
2025-11-21T12:56:50.846659,Francisco,Letters,Small,Moving,Text field + Enter,Static frame,False,Random colors,White,2.0,7.0,10,4,M,808.62
2025-11-21T12:56:50.846659,Francisco,Letters,Small,Moving,Text field + Enter,Static frame,False,Random colors,White,2.0,7.0,10,5,F,838.78
2025-11-21T12:56:50.846659,Francisco,Letters,Small,Moving,Text field + Enter,Static frame,False,Random colors,White,2.0,7.0,10,6,C,732.39
2025-11-21T12:56:50.846659,Francisco,Letters,Small,Moving,Text field + Enter,Static frame,False,Random colors,White,2.0,7.0,10,7,A,624.3
2025-11-21T12:56:50.846659,Francisco,Letters,Small,Moving,Text field + Enter,Static frame,False,Random colors,White,2.0,7.0,10,8,Z,764.49
2025-11-21T12:56:50.846659,Francisco,Letters,Small,Moving,Text field + Enter,Static frame,False,Random colors,White,2.0,7.0,10,9,A,566.37
2025-11-21T12:56:50.846659,Francisco,Letters,Small,Moving,Text field + Enter,Static frame,False,Random colors,White,2.0,7.0,10,10,F,718.05
2025-11-21T12:57:59.301319,Francisco,Letters,Large,Static,Text field + Enter,Shaking frame,True,Random colors,White,2.0,3.0,10,1,W,1424.9
2025-11-21T12:57:59.301319,Francisco,Letters,Large,Static,Text field + Enter,Shaking frame,True,Random colors,White,2.0,3.0,10,2,V,5550.68
2025-11-21T12:57:59.301319,Francisco,Letters,Large,Static,Text field + Enter,Shaking frame,True,Random colors,White,2.0,3.0,10,3,O,948.49
2025-11-21T12:57:59.301319,Francisco,Letters,Large,Static,Text field + Enter,Shaking frame,True,Random colors,White,2.0,3.0,10,4,E,621.1
2025-11-21T12:57:59.301319,Francisco,Letters,Large,Static,Text field + Enter,Shaking frame,True,Random colors,White,2.0,3.0,10,5,T,606.54
2025-11-21T12:57:59.301319,Francisco,Letters,Large,Static,Text field + Enter,Shaking frame,True,Random colors,White,2.0,3.0,10,6,H,731.82
2025-11-21T12:57:59.301319,Francisco,Letters,Large,Static,Text field + Enter,Shaking frame,True,Random colors,White,2.0,3.0,10,7,W,488.32
2025-11-21T12:57:59.301319,Francisco,Letters,Large,Static,Text field + Enter,Shaking frame,True,Random colors,White,2.0,3.0,10,8,F,625.97
2025-11-21T12:57:59.301319,Francisco,Letters,Large,Static,Text field + Enter,Shaking frame,True,Random colors,White,2.0,3.0,10,9,B,751.95
2025-11-21T12:57:59.301319,Francisco,Letters,Large,Static,Text field + Enter,Shaking frame,True,Random colors,White,2.0,3.0,10,10,C,688.35
2025-11-21T15:05:12.346558,Francisco,Letters,Large,Moving,Text field + Enter,Static frame,False,Black,Random colors,2.0,7.0,10,1,T,1918.53
2025-11-21T15:05:12.346558,Francisco,Letters,Large,Moving,Text field + Enter,Static frame,False,Black,Random colors,2.0,7.0,10,2,B,1400.45
2025-11-21T15:05:12.346558,Francisco,Letters,Large,Moving,Text field + Enter,Static frame,False,Black,Random colors,2.0,7.0,10,3,F,876.59
2025-11-21T15:05:12.346558,Francisco,Letters,Large,Moving,Text field + Enter,Static frame,False,Black,Random colors,2.0,7.0,10,4,X,783.51
2025-11-21T15:05:12.346558,Francisco,Letters,Large,Moving,Text field + Enter,Static frame,False,Black,Random colors,2.0,7.0,10,5,B,855.13
2025-11-21T15:05:12.346558,Francisco,Letters,Large,Moving,Text field + Enter,Static frame,False,Black,Random colors,2.0,7.0,10,6,K,950.52
2025-11-21T15:05:12.346558,Francisco,Letters,Large,Moving,Text field + Enter,Static frame,False,Black,Random colors,2.0,7.0,10,7,V,840.41
2025-11-21T15:05:12.346558,Francisco,Letters,Large,Moving,Text field + Enter,Static frame,False,Black,Random colors,2.0,7.0,10,8,T,696.0
2025-11-21T15:05:12.346558,Francisco,Letters,Large,Moving,Text field + Enter,Static frame,False,Black,Random colors,2.0,7.0,10,9,D,784.39
2025-11-21T15:05:12.346558,Francisco,Letters,Large,Moving,Text field + Enter,Static frame,False,Black,Random colors,2.0,7.0,10,10,V,746.64
2025-11-21T15:06:33.913314,Francisco,Letters,Large,Moving,Text field + Enter,Static frame,False,Random colors,White,2.0,7.0,10,1,Z,1291.21
2025-11-21T15:06:33.913314,Francisco,Letters,Large,Moving,Text field + Enter,Static frame,False,Random colors,White,2.0,7.0,10,2,C,1076.64
2025-11-21T15:06:33.913314,Francisco,Letters,Large,Moving,Text field + Enter,Static frame,False,Random colors,White,2.0,7.0,10,3,H,884.41
2025-11-21T15:06:33.913314,Francisco,Letters,Large,Moving,Text field + Enter,Static frame,False,Random colors,White,2.0,7.0,10,4,I,904.08
2025-11-21T15:06:33.913314,Francisco,Letters,Large,Moving,Text field + Enter,Static frame,False,Random colors,White,2.0,7.0,10,5,V,797.76
2025-11-21T15:06:33.913314,Francisco,Letters,Large,Moving,Text field + Enter,Static frame,False,Random colors,White,2.0,7.0,10,6,X,697.29
2025-11-21T15:06:33.913314,Francisco,Letters,Large,Moving,Text field + Enter,Static frame,False,Random colors,White,2.0,7.0,10,7,T,731.42
2025-11-21T15:06:33.913314,Francisco,Letters,Large,Moving,Text field + Enter,Static frame,False,Random colors,White,2.0,7.0,10,8,L,859.93
2025-11-21T15:06:33.913314,Francisco,Letters,Large,Moving,Text field + Enter,Static frame,False,Random colors,White,2.0,7.0,10,9,R,753.86
2025-11-21T15:06:33.913314,Francisco,Letters,Large,Moving,Text field + Enter,Static frame,False,Random colors,White,2.0,7.0,10,10,W,755.2
2025-11-21T15:07:51.709036,Francisco,Letters,Large,Moving,Text field + Enter,Static frame,False,Random colors,Random colors,2.0,3.0,10,1,A,3669.54
2025-11-21T15:07:51.709036,Francisco,Letters,Large,Moving,Text field + Enter,Static frame,False,Random colors,Random colors,2.0,3.0,10,2,V,1171.7
2025-11-21T15:07:51.709036,Francisco,Letters,Large,Moving,Text field + Enter,Static frame,False,Random colors,Random colors,2.0,3.0,10,3,X,855.46
2025-11-21T15:07:51.709036,Francisco,Letters,Large,Moving,Text field + Enter,Static frame,False,Random colors,Random colors,2.0,3.0,10,4,M,816.43
2025-11-21T15:07:51.709036,Francisco,Letters,Large,Moving,Text field + Enter,Static frame,False,Random colors,Random colors,2.0,3.0,10,5,D,727.55
2025-11-21T15:07:51.709036,Francisco,Letters,Large,Moving,Text field + Enter,Static frame,False,Random colors,Random colors,2.0,3.0,10,6,Y,1509.71
2025-11-21T15:07:51.709036,Francisco,Letters,Large,Moving,Text field + Enter,Static frame,False,Random colors,Random colors,2.0,3.0,10,7,D,610.55
2025-11-21T15:07:51.709036,Francisco,Letters,Large,Moving,Text field + Enter,Static frame,False,Random colors,Random colors,2.0,3.0,10,8,T,699.33
2025-11-21T15:07:51.709036,Francisco,Letters,Large,Moving,Text field + Enter,Static frame,False,Random colors,Random colors,2.0,3.0,10,9,Y,892.9
2025-11-21T15:07:51.709036,Francisco,Letters,Large,Moving,Text field + Enter,Static frame,False,Random colors,Random colors,2.0,3.0,10,10,K,846.83
2025-11-21T15:08:45.085351,Francisco,Letters,Small,Static,Text field + Enter,Static frame,False,Random colors,Random colors,2.0,3.0,10,1,C,1949.59
2025-11-21T15:08:45.085351,Francisco,Letters,Small,Static,Text field + Enter,Static frame,False,Random colors,Random colors,2.0,3.0,10,2,S,1852.6
2025-11-21T15:08:45.085351,Francisco,Letters,Small,Static,Text field + Enter,Static frame,False,Random colors,Random colors,2.0,3.0,10,3,W,591.73
2025-11-21T15:08:45.085351,Francisco,Letters,Small,Static,Text field + Enter,Static frame,False,Random colors,Random colors,2.0,3.0,10,4,J,755.0
2025-11-21T15:08:45.085351,Francisco,Letters,Small,Static,Text field + Enter,Static frame,False,Random colors,Random colors,2.0,3.0,10,5,N,652.99
2025-11-21T15:08:45.085351,Francisco,Letters,Small,Static,Text field + Enter,Static frame,False,Random colors,Random colors,2.0,3.0,10,6,V,794.68
2025-11-21T15:08:45.085351,Francisco,Letters,Small,Static,Text field + Enter,Static frame,False,Random colors,Random colors,2.0,3.0,10,7,S,647.91
2025-11-21T15:08:45.085351,Francisco,Letters,Small,Static,Text field + Enter,Static frame,False,Random colors,Random colors,2.0,3.0,10,8,G,759.21
2025-11-21T15:08:45.085351,Francisco,Letters,Small,Static,Text field + Enter,Static frame,False,Random colors,Random colors,2.0,3.0,10,9,B,681.71
2025-11-21T15:08:45.085351,Francisco,Letters,Small,Static,Text field + Enter,Static frame,False,Random colors,Random colors,2.0,3.0,10,10,B,743.33
2025-11-21T15:09:47.477580,Francisco,Letters,Large,Moving,Text field + Enter,Shaking frame,True,Random colors,Random colors,0.5,3.0,10,1,J,2397.53
2025-11-21T15:09:47.477580,Francisco,Letters,Large,Moving,Text field + Enter,Shaking frame,True,Random colors,Random colors,0.5,3.0,10,2,J,1149.89
2025-11-21T15:09:47.477580,Francisco,Letters,Large,Moving,Text field + Enter,Shaking frame,True,Random colors,Random colors,0.5,3.0,10,3,L,871.59
2025-11-21T15:09:47.477580,Francisco,Letters,Large,Moving,Text field + Enter,Shaking frame,True,Random colors,Random colors,0.5,3.0,10,4,X,1020.79
2025-11-21T15:09:47.477580,Francisco,Letters,Large,Moving,Text field + Enter,Shaking frame,True,Random colors,Random colors,0.5,3.0,10,5,O,791.32
2025-11-21T15:09:47.477580,Francisco,Letters,Large,Moving,Text field + Enter,Shaking frame,True,Random colors,Random colors,0.5,3.0,10,6,Q,642.39
2025-11-21T15:09:47.477580,Francisco,Letters,Large,Moving,Text field + Enter,Shaking frame,True,Random colors,Random colors,0.5,3.0,10,7,Q,589.07
2025-11-21T15:09:47.477580,Francisco,Letters,Large,Moving,Text field + Enter,Shaking frame,True,Random colors,Random colors,0.5,3.0,10,8,L,855.81
2025-11-21T15:09:47.477580,Francisco,Letters,Large,Moving,Text field + Enter,Shaking frame,True,Random colors,Random colors,0.5,3.0,10,9,P,885.36
2025-11-21T15:09:47.477580,Francisco,Letters,Large,Moving,Text field + Enter,Shaking frame,True,Random colors,Random colors,0.5,3.0,10,10,Z,753.38
2025-11-21T15:11:49.294550,Francisco,Letters,Small,Static,Text field + Enter,Static frame,False,Black,White,0.5,7.0,10,1,M,1898.34
2025-11-21T15:11:49.294550,Francisco,Letters,Small,Static,Text field + Enter,Static frame,False,Black,White,0.5,7.0,10,2,J,2361.27
2025-11-21T15:11:49.294550,Francisco,Letters,Small,Static,Text field + Enter,Static frame,False,Black,White,0.5,7.0,10,3,A,677.02
2025-11-21T15:11:49.294550,Francisco,Letters,Small,Static,Text field + Enter,Static frame,False,Black,White,0.5,7.0,10,4,N,776.77
2025-11-21T15:11:49.294550,Francisco,Letters,Small,Static,Text field + Enter,Static frame,False,Black,White,0.5,7.0,10,5,U,964.0
2025-11-21T15:11:49.294550,Francisco,Letters,Small,Static,Text field + Enter,Static frame,False,Black,White,0.5,7.0,10,6,X,786.78
2025-11-21T15:11:49.294550,Francisco,Letters,Small,Static,Text field + Enter,Static frame,False,Black,White,0.5,7.0,10,7,K,793.55
2025-11-21T15:11:49.294550,Francisco,Letters,Small,Static,Text field + Enter,Static frame,False,Black,White,0.5,7.0,10,8,X,647.91
2025-11-21T15:11:49.294550,Francisco,Letters,Small,Static,Text field + Enter,Static frame,False,Black,White,0.5,7.0,10,9,P,785.53
2025-11-21T15:11:49.294550,Francisco,Letters,Small,Static,Text field + Enter,Static frame,False,Black,White,0.5,7.0,10,10,O,1357.34
2025-11-21T15:13:19.107197,Francisco,Letters,Small,Moving,Text field + Enter,Shaking frame,True,Black,White,0.5,7.0,10,1,R,1222.03
2025-11-21T15:13:19.107197,Francisco,Letters,Small,Moving,Text field + Enter,Shaking frame,True,Black,White,0.5,7.0,10,2,F,1199.38
2025-11-21T15:13:19.107197,Francisco,Letters,Small,Moving,Text field + Enter,Shaking frame,True,Black,White,0.5,7.0,10,3,S,633.34
2025-11-21T15:13:19.107197,Francisco,Letters,Small,Moving,Text field + Enter,Shaking frame,True,Black,White,0.5,7.0,10,4,I,1250.86
2025-11-21T15:13:19.107197,Francisco,Letters,Small,Moving,Text field + Enter,Shaking frame,True,Black,White,0.5,7.0,10,5,F,782.56
2025-11-21T15:13:19.107197,Francisco,Letters,Small,Moving,Text field + Enter,Shaking frame,True,Black,White,0.5,7.0,10,6,D,751.4
2025-11-21T15:13:19.107197,Francisco,Letters,Small,Moving,Text field + Enter,Shaking frame,True,Black,White,0.5,7.0,10,7,H,966.95
2025-11-21T15:13:19.107197,Francisco,Letters,Small,Moving,Text field + Enter,Shaking frame,True,Black,White,0.5,7.0,10,8,U,811.54
2025-11-21T15:13:19.107197,Francisco,Letters,Small,Moving,Text field + Enter,Shaking frame,True,Black,White,0.5,7.0,10,9,F,733.39
2025-11-21T15:13:19.107197,Francisco,Letters,Small,Moving,Text field + Enter,Shaking frame,True,Black,White,0.5,7.0,10,10,B,865.29
2025-11-21T15:19:40.403404,Francisco,Letters,Small,Moving,Text field + Enter,Shaking frame,True,Random colors,White,0.5,3.0,10,1,X,1241.4
2025-11-21T15:19:40.403404,Francisco,Letters,Small,Moving,Text field + Enter,Shaking frame,True,Random colors,White,0.5,3.0,10,2,L,2561.35
2025-11-21T15:19:40.403404,Francisco,Letters,Small,Moving,Text field + Enter,Shaking frame,True,Random colors,White,0.5,3.0,10,3,S,677.51
2025-11-21T15:19:40.403404,Francisco,Letters,Small,Moving,Text field + Enter,Shaking frame,True,Random colors,White,0.5,3.0,10,4,X,712.53
2025-11-21T15:19:40.403404,Francisco,Letters,Small,Moving,Text field + Enter,Shaking frame,True,Random colors,White,0.5,3.0,10,5,B,832.99
2025-11-21T15:19:40.403404,Francisco,Letters,Small,Moving,Text field + Enter,Shaking frame,True,Random colors,White,0.5,3.0,10,6,S,721.05
2025-11-21T15:19:40.403404,Francisco,Letters,Small,Moving,Text field + Enter,Shaking frame,True,Random colors,White,0.5,3.0,10,7,Z,915.94
2025-11-21T15:19:40.403404,Francisco,Letters,Small,Moving,Text field + Enter,Shaking frame,True,Random colors,White,0.5,3.0,10,8,Q,836.77
2025-11-21T15:19:40.403404,Francisco,Letters,Small,Moving,Text field + Enter,Shaking frame,True,Random colors,White,0.5,3.0,10,9,J,857.04
2025-11-21T15:19:40.403404,Francisco,Letters,Small,Moving,Text field + Enter,Shaking frame,True,Random colors,White,0.5,3.0,10,10,S,688.72
2025-11-21T15:32:05.064758,Francisco,Letters,Small,Moving,Text field + Enter,Shaking frame,True,Random colors,White,2.0,7.0,10,1,V,1780.43
2025-11-21T15:32:05.064758,Francisco,Letters,Small,Moving,Text field + Enter,Shaking frame,True,Random colors,White,2.0,7.0,10,2,K,1284.23
2025-11-21T15:32:05.064758,Francisco,Letters,Small,Moving,Text field + Enter,Shaking frame,True,Random colors,White,2.0,7.0,10,3,P,941.51
2025-11-21T15:32:05.064758,Francisco,Letters,Small,Moving,Text field + Enter,Shaking frame,True,Random colors,White,2.0,7.0,10,4,J,941.59
2025-11-21T15:32:05.064758,Francisco,Letters,Small,Moving,Text field + Enter,Shaking frame,True,Random colors,White,2.0,7.0,10,5,P,899.32
2025-11-21T15:32:05.064758,Francisco,Letters,Small,Moving,Text field + Enter,Shaking frame,True,Random colors,White,2.0,7.0,10,6,S,753.54
2025-11-21T15:32:05.064758,Francisco,Letters,Small,Moving,Text field + Enter,Shaking frame,True,Random colors,White,2.0,7.0,10,7,L,854.46
2025-11-21T15:32:05.064758,Francisco,Letters,Small,Moving,Text field + Enter,Shaking frame,True,Random colors,White,2.0,7.0,10,8,U,894.9
2025-11-21T15:32:05.064758,Francisco,Letters,Small,Moving,Text field + Enter,Shaking frame,True,Random colors,White,2.0,7.0,10,9,W,697.64
2025-11-21T15:32:05.064758,Francisco,Letters,Small,Moving,Text field + Enter,Shaking frame,True,Random colors,White,2.0,7.0,10,10,H,806.35
2025-11-21T15:38:23.379667,Francisco,Letters,Large,Moving,Text field + Enter,Shaking frame,True,Random colors,Random colors,0.5,7.0,10,1,B,1740.13
2025-11-21T15:38:23.379667,Francisco,Letters,Large,Moving,Text field + Enter,Shaking frame,True,Random colors,Random colors,0.5,7.0,10,2,L,1621.98
2025-11-21T15:38:23.379667,Francisco,Letters,Large,Moving,Text field + Enter,Shaking frame,True,Random colors,Random colors,0.5,7.0,10,3,T,883.97
2025-11-21T15:38:23.379667,Francisco,Letters,Large,Moving,Text field + Enter,Shaking frame,True,Random colors,Random colors,0.5,7.0,10,4,T,721.21
2025-11-21T15:38:23.379667,Francisco,Letters,Large,Moving,Text field + Enter,Shaking frame,True,Random colors,Random colors,0.5,7.0,10,5,C,803.24
2025-11-21T15:38:23.379667,Francisco,Letters,Large,Moving,Text field + Enter,Shaking frame,True,Random colors,Random colors,0.5,7.0,10,6,R,727.6
2025-11-21T15:38:23.379667,Francisco,Letters,Large,Moving,Text field + Enter,Shaking frame,True,Random colors,Random colors,0.5,7.0,10,7,N,859.86
2025-11-21T15:38:23.379667,Francisco,Letters,Large,Moving,Text field + Enter,Shaking frame,True,Random colors,Random colors,0.5,7.0,10,8,G,815.31
2025-11-21T15:38:23.379667,Francisco,Letters,Large,Moving,Text field + Enter,Shaking frame,True,Random colors,Random colors,0.5,7.0,10,9,M,932.69
2025-11-21T15:38:23.379667,Francisco,Letters,Large,Moving,Text field + Enter,Shaking frame,True,Random colors,Random colors,0.5,7.0,10,10,A,681.6
2025-11-21T15:39:37.427925,Francisco,Letters,Small,Moving,Text field + Enter,Shaking frame,True,Black,White,2.0,3.0,10,1,E,1548.31
2025-11-21T15:39:37.427925,Francisco,Letters,Small,Moving,Text field + Enter,Shaking frame,True,Black,White,2.0,3.0,10,2,U,1342.9
2025-11-21T15:39:37.427925,Francisco,Letters,Small,Moving,Text field + Enter,Shaking frame,True,Black,White,2.0,3.0,10,3,J,776.23
2025-11-21T15:39:37.427925,Francisco,Letters,Small,Moving,Text field + Enter,Shaking frame,True,Black,White,2.0,3.0,10,4,P,878.94
2025-11-21T15:39:37.427925,Francisco,Letters,Small,Moving,Text field + Enter,Shaking frame,True,Black,White,2.0,3.0,10,5,V,783.14
2025-11-21T15:39:37.427925,Francisco,Letters,Small,Moving,Text field + Enter,Shaking frame,True,Black,White,2.0,3.0,10,6,B,766.71
2025-11-21T15:39:37.427925,Francisco,Letters,Small,Moving,Text field + Enter,Shaking frame,True,Black,White,2.0,3.0,10,7,O,938.11
2025-11-21T15:39:37.427925,Francisco,Letters,Small,Moving,Text field + Enter,Shaking frame,True,Black,White,2.0,3.0,10,8,Q,700.58
2025-11-21T15:39:37.427925,Francisco,Letters,Small,Moving,Text field + Enter,Shaking frame,True,Black,White,2.0,3.0,10,9,L,879.03
2025-11-21T15:39:37.427925,Francisco,Letters,Small,Moving,Text field + Enter,Shaking frame,True,Black,White,2.0,3.0,10,10,Z,818.77
2025-11-21T15:40:38.020537,Francisco,Letters,Large,Static,Text field + Enter,Static frame,False,Random colors,White,0.5,3.0,10,1,E,1827.26
2025-11-21T15:40:38.020537,Francisco,Letters,Large,Static,Text field + Enter,Static frame,False,Random colors,White,0.5,3.0,10,2,J,2047.14
2025-11-21T15:40:38.020537,Francisco,Letters,Large,Static,Text field + Enter,Static frame,False,Random colors,White,0.5,3.0,10,3,A,891.09
2025-11-21T15:40:38.020537,Francisco,Letters,Large,Static,Text field + Enter,Static frame,False,Random colors,White,0.5,3.0,10,4,I,1050.54
2025-11-21T15:40:38.020537,Francisco,Letters,Large,Static,Text field + Enter,Static frame,False,Random colors,White,0.5,3.0,10,5,W,665.32
2025-11-21T15:40:38.020537,Francisco,Letters,Large,Static,Text field + Enter,Static frame,False,Random colors,White,0.5,3.0,10,6,Z,698.58
2025-11-21T15:40:38.020537,Francisco,Letters,Large,Static,Text field + Enter,Static frame,False,Random colors,White,0.5,3.0,10,7,U,846.84
2025-11-21T15:40:38.020537,Francisco,Letters,Large,Static,Text field + Enter,Static frame,False,Random colors,White,0.5,3.0,10,8,J,791.61
2025-11-21T15:40:38.020537,Francisco,Letters,Large,Static,Text field + Enter,Static frame,False,Random colors,White,0.5,3.0,10,9,C,624.21
2025-11-21T15:40:38.020537,Francisco,Letters,Large,Static,Text field + Enter,Static frame,False,Random colors,White,0.5,3.0,10,10,P,827.45
2025-11-21T15:41:47.590704,Francisco,Letters,Small,Static,Text field + Enter,Shaking frame,True,Black,White,0.5,3.0,10,1,R,1783.57
2025-11-21T15:41:47.590704,Francisco,Letters,Small,Static,Text field + Enter,Shaking frame,True,Black,White,0.5,3.0,10,2,I,1071.7
2025-11-21T15:41:47.590704,Francisco,Letters,Small,Static,Text field + Enter,Shaking frame,True,Black,White,0.5,3.0,10,3,R,645.82
2025-11-21T15:41:47.590704,Francisco,Letters,Small,Static,Text field + Enter,Shaking frame,True,Black,White,0.5,3.0,10,4,Z,730.51
2025-11-21T15:41:47.590704,Francisco,Letters,Small,Static,Text field + Enter,Shaking frame,True,Black,White,0.5,3.0,10,5,C,732.32
2025-11-21T15:41:47.590704,Francisco,Letters,Small,Static,Text field + Enter,Shaking frame,True,Black,White,0.5,3.0,10,6,L,855.94
2025-11-21T15:41:47.590704,Francisco,Letters,Small,Static,Text field + Enter,Shaking frame,True,Black,White,0.5,3.0,10,7,V,732.93
2025-11-21T15:41:47.590704,Francisco,Letters,Small,Static,Text field + Enter,Shaking frame,True,Black,White,0.5,3.0,10,8,P,859.6
2025-11-21T15:41:47.590704,Francisco,Letters,Small,Static,Text field + Enter,Shaking frame,True,Black,White,0.5,3.0,10,9,Z,737.56
2025-11-21T15:41:47.590704,Francisco,Letters,Small,Static,Text field + Enter,Shaking frame,True,Black,White,0.5,3.0,10,10,Y,784.05
2025-11-21T15:43:17.546821,Francisco,Letters,Small,Moving,Text field + Enter,Static frame,False,Black,Random colors,0.5,7.0,10,1,Z,1375.75
2025-11-21T15:43:17.546821,Francisco,Letters,Small,Moving,Text field + Enter,Static frame,False,Black,Random colors,0.5,7.0,10,2,M,1123.65
2025-11-21T15:43:17.546821,Francisco,Letters,Small,Moving,Text field + Enter,Static frame,False,Black,Random colors,0.5,7.0,10,3,A,675.54
2025-11-21T15:43:17.546821,Francisco,Letters,Small,Moving,Text field + Enter,Static frame,False,Black,Random colors,0.5,7.0,10,4,A,653.99
2025-11-21T15:43:17.546821,Francisco,Letters,Small,Moving,Text field + Enter,Static frame,False,Black,Random colors,0.5,7.0,10,5,Z,755.03
2025-11-21T15:43:17.546821,Francisco,Letters,Small,Moving,Text field + Enter,Static frame,False,Black,Random colors,0.5,7.0,10,6,H,798.02
2025-11-21T15:43:17.546821,Francisco,Letters,Small,Moving,Text field + Enter,Static frame,False,Black,Random colors,0.5,7.0,10,7,Y,886.97
2025-11-21T15:43:17.546821,Francisco,Letters,Small,Moving,Text field + Enter,Static frame,False,Black,Random colors,0.5,7.0,10,8,C,695.8
2025-11-21T15:43:17.546821,Francisco,Letters,Small,Moving,Text field + Enter,Static frame,False,Black,Random colors,0.5,7.0,10,9,A,756.3
2025-11-21T15:43:17.546821,Francisco,Letters,Small,Moving,Text field + Enter,Static frame,False,Black,Random colors,0.5,7.0,10,10,G,779.27
2025-11-21T15:44:27.925333,Francisco,Letters,Large,Static,Text field + Enter,Static frame,False,Black,Random colors,0.5,3.0,10,1,E,1430.07
2025-11-21T15:44:27.925333,Francisco,Letters,Large,Static,Text field + Enter,Static frame,False,Black,Random colors,0.5,3.0,10,2,W,1683.45
2025-11-21T15:44:27.925333,Francisco,Letters,Large,Static,Text field + Enter,Static frame,False,Black,Random colors,0.5,3.0,10,3,H,729.56
2025-11-21T15:44:27.925333,Francisco,Letters,Large,Static,Text field + Enter,Static frame,False,Black,Random colors,0.5,3.0,10,4,V,745.71
2025-11-21T15:44:27.925333,Francisco,Letters,Large,Static,Text field + Enter,Static frame,False,Black,Random colors,0.5,3.0,10,5,H,694.29
2025-11-21T15:44:27.925333,Francisco,Letters,Large,Static,Text field + Enter,Static frame,False,Black,Random colors,0.5,3.0,10,6,Q,638.67
2025-11-21T15:44:27.925333,Francisco,Letters,Large,Static,Text field + Enter,Static frame,False,Black,Random colors,0.5,3.0,10,7,Q,605.58
2025-11-21T15:44:27.925333,Francisco,Letters,Large,Static,Text field + Enter,Static frame,False,Black,Random colors,0.5,3.0,10,8,W,594.5
2025-11-21T15:44:27.925333,Francisco,Letters,Large,Static,Text field + Enter,Static frame,False,Black,Random colors,0.5,3.0,10,9,L,737.01
2025-11-21T15:44:27.925333,Francisco,Letters,Large,Static,Text field + Enter,Static frame,False,Black,Random colors,0.5,3.0,10,10,L,759.63
2025-11-21T15:45:56.120367,Francisco,Letters,Small,Moving,Text field + Enter,Shaking frame,True,Random colors,Random colors,2.0,7.0,10,1,U,1306.77
2025-11-21T15:45:56.120367,Francisco,Letters,Small,Moving,Text field + Enter,Shaking frame,True,Random colors,Random colors,2.0,7.0,10,2,U,1273.49
2025-11-21T15:45:56.120367,Francisco,Letters,Small,Moving,Text field + Enter,Shaking frame,True,Random colors,Random colors,2.0,7.0,10,3,J,840.9
2025-11-21T15:45:56.120367,Francisco,Letters,Small,Moving,Text field + Enter,Shaking frame,True,Random colors,Random colors,2.0,7.0,10,4,Z,816.75
2025-11-21T15:45:56.120367,Francisco,Letters,Small,Moving,Text field + Enter,Shaking frame,True,Random colors,Random colors,2.0,7.0,10,5,J,908.42
2025-11-21T15:45:56.120367,Francisco,Letters,Small,Moving,Text field + Enter,Shaking frame,True,Random colors,Random colors,2.0,7.0,10,6,K,932.57
2025-11-21T15:45:56.120367,Francisco,Letters,Small,Moving,Text field + Enter,Shaking frame,True,Random colors,Random colors,2.0,7.0,10,7,G,806.28
2025-11-21T15:45:56.120367,Francisco,Letters,Small,Moving,Text field + Enter,Shaking frame,True,Random colors,Random colors,2.0,7.0,10,8,L,962.83
2025-11-21T15:45:56.120367,Francisco,Letters,Small,Moving,Text field + Enter,Shaking frame,True,Random colors,Random colors,2.0,7.0,10,9,D,713.17
2025-11-21T15:45:56.120367,Francisco,Letters,Small,Moving,Text field + Enter,Shaking frame,True,Random colors,Random colors,2.0,7.0,10,10,A,644.49
2025-11-21T15:47:00.876230,Francisco,Letters,Small,Static,Text field + Enter,Shaking frame,True,Random colors,White,0.5,7.0,10,1,S,1588.75
2025-11-21T15:47:00.876230,Francisco,Letters,Small,Static,Text field + Enter,Shaking frame,True,Random colors,White,0.5,7.0,10,2,W,1030.14
2025-11-21T15:47:00.876230,Francisco,Letters,Small,Static,Text field + Enter,Shaking frame,True,Random colors,White,0.5,7.0,10,3,H,814.7
2025-11-21T15:47:00.876230,Francisco,Letters,Small,Static,Text field + Enter,Shaking frame,True,Random colors,White,0.5,7.0,10,4,G,751.42
2025-11-21T15:47:00.876230,Francisco,Letters,Small,Static,Text field + Enter,Shaking frame,True,Random colors,White,0.5,7.0,10,5,X,742.71
2025-11-21T15:47:00.876230,Francisco,Letters,Small,Static,Text field + Enter,Shaking frame,True,Random colors,White,0.5,7.0,10,6,T,3488.22
2025-11-21T15:47:00.876230,Francisco,Letters,Small,Static,Text field + Enter,Shaking frame,True,Random colors,White,0.5,7.0,10,7,D,1493.61
2025-11-21T15:47:00.876230,Francisco,Letters,Small,Static,Text field + Enter,Shaking frame,True,Random colors,White,0.5,7.0,10,8,O,1224.5
2025-11-21T15:47:00.876230,Francisco,Letters,Small,Static,Text field + Enter,Shaking frame,True,Random colors,White,0.5,7.0,10,9,U,1192.33
2025-11-21T15:47:00.876230,Francisco,Letters,Small,Static,Text field + Enter,Shaking frame,True,Random colors,White,0.5,7.0,10,10,M,770.91
2025-11-21T15:48:50.915243,Francisco,Letters,Large,Moving,Text field + Enter,Static frame,False,Random colors,White,0.5,7.0,10,1,M,1685.41
2025-11-21T15:48:50.915243,Francisco,Letters,Large,Moving,Text field + Enter,Static frame,False,Random colors,White,0.5,7.0,10,2,S,1402.91
2025-11-21T15:48:50.915243,Francisco,Letters,Large,Moving,Text field + Enter,Static frame,False,Random colors,White,0.5,7.0,10,3,N,782.48
2025-11-21T15:48:50.915243,Francisco,Letters,Large,Moving,Text field + Enter,Static frame,False,Random colors,White,0.5,7.0,10,4,H,881.56
2025-11-21T15:48:50.915243,Francisco,Letters,Large,Moving,Text field + Enter,Static frame,False,Random colors,White,0.5,7.0,10,5,L,1112.6
2025-11-21T15:48:50.915243,Francisco,Letters,Large,Moving,Text field + Enter,Static frame,False,Random colors,White,0.5,7.0,10,6,F,760.75
2025-11-21T15:48:50.915243,Francisco,Letters,Large,Moving,Text field + Enter,Static frame,False,Random colors,White,0.5,7.0,10,7,O,846.91
2025-11-21T15:48:50.915243,Francisco,Letters,Large,Moving,Text field + Enter,Static frame,False,Random colors,White,0.5,7.0,10,8,Z,837.52
2025-11-21T15:48:50.915243,Francisco,Letters,Large,Moving,Text field + Enter,Static frame,False,Random colors,White,0.5,7.0,10,9,R,696.8
2025-11-21T15:48:50.915243,Francisco,Letters,Large,Moving,Text field + Enter,Static frame,False,Random colors,White,0.5,7.0,10,10,P,927.29
2025-11-21T15:49:57.908875,Francisco,Letters,Small,Moving,Text field + Enter,Static frame,False,Black,White,0.5,7.0,10,1,M,1647.89
2025-11-21T15:49:57.908875,Francisco,Letters,Small,Moving,Text field + Enter,Static frame,False,Black,White,0.5,7.0,10,2,L,1178.48
2025-11-21T15:49:57.908875,Francisco,Letters,Small,Moving,Text field + Enter,Static frame,False,Black,White,0.5,7.0,10,3,C,711.83
2025-11-21T15:49:57.908875,Francisco,Letters,Small,Moving,Text field + Enter,Static frame,False,Black,White,0.5,7.0,10,4,K,841.15
2025-11-21T15:49:57.908875,Francisco,Letters,Small,Moving,Text field + Enter,Static frame,False,Black,White,0.5,7.0,10,5,B,837.47
2025-11-21T15:49:57.908875,Francisco,Letters,Small,Moving,Text field + Enter,Static frame,False,Black,White,0.5,7.0,10,6,T,696.89
2025-11-21T15:49:57.908875,Francisco,Letters,Small,Moving,Text field + Enter,Static frame,False,Black,White,0.5,7.0,10,7,Z,765.33
2025-11-21T15:49:57.908875,Francisco,Letters,Small,Moving,Text field + Enter,Static frame,False,Black,White,0.5,7.0,10,8,I,1021.35
2025-11-21T15:49:57.908875,Francisco,Letters,Small,Moving,Text field + Enter,Static frame,False,Black,White,0.5,7.0,10,9,X,723.18
2025-11-21T15:49:57.908875,Francisco,Letters,Small,Moving,Text field + Enter,Static frame,False,Black,White,0.5,7.0,10,10,Y,961.84
2025-11-21T15:51:10.861767,Francisco,Letters,Large,Static,Text field + Enter,Static frame,False,Random colors,Random colors,0.5,3.0,10,1,E,1509.87
2025-11-21T15:51:10.861767,Francisco,Letters,Large,Static,Text field + Enter,Static frame,False,Random colors,Random colors,0.5,3.0,10,2,E,873.99
2025-11-21T15:51:10.861767,Francisco,Letters,Large,Static,Text field + Enter,Static frame,False,Random colors,Random colors,0.5,3.0,10,3,A,610.56
2025-11-21T15:51:10.861767,Francisco,Letters,Large,Static,Text field + Enter,Static frame,False,Random colors,Random colors,0.5,3.0,10,4,J,823.52
2025-11-21T15:51:10.861767,Francisco,Letters,Large,Static,Text field + Enter,Static frame,False,Random colors,Random colors,0.5,3.0,10,5,U,802.89
2025-11-21T15:51:10.861767,Francisco,Letters,Large,Static,Text field + Enter,Static frame,False,Random colors,Random colors,0.5,3.0,10,6,K,901.12
2025-11-21T15:51:10.861767,Francisco,Letters,Large,Static,Text field + Enter,Static frame,False,Random colors,Random colors,0.5,3.0,10,7,C,772.57
2025-11-21T15:51:10.861767,Francisco,Letters,Large,Static,Text field + Enter,Static frame,False,Random colors,Random colors,0.5,3.0,10,8,K,898.16
2025-11-21T15:51:10.861767,Francisco,Letters,Large,Static,Text field + Enter,Static frame,False,Random colors,Random colors,0.5,3.0,10,9,J,849.14
2025-11-21T15:51:10.861767,Francisco,Letters,Large,Static,Text field + Enter,Static frame,False,Random colors,Random colors,0.5,3.0,10,10,S,721.57
2025-11-21T15:52:46.083890,Francisco,Letters,Large,Static,Text field + Enter,Shaking frame,True,Black,Random colors,2.0,3.0,10,1,O,1988.36
2025-11-21T15:52:46.083890,Francisco,Letters,Large,Static,Text field + Enter,Shaking frame,True,Black,Random colors,2.0,3.0,10,2,U,1067.98
2025-11-21T15:52:46.083890,Francisco,Letters,Large,Static,Text field + Enter,Shaking frame,True,Black,Random colors,2.0,3.0,10,3,L,1384.62
2025-11-21T15:52:46.083890,Francisco,Letters,Large,Static,Text field + Enter,Shaking frame,True,Black,Random colors,2.0,3.0,10,4,X,757.47
2025-11-21T15:52:46.083890,Francisco,Letters,Large,Static,Text field + Enter,Shaking frame,True,Black,Random colors,2.0,3.0,10,5,L,887.33
2025-11-21T15:52:46.083890,Francisco,Letters,Large,Static,Text field + Enter,Shaking frame,True,Black,Random colors,2.0,3.0,10,6,V,909.0
2025-11-21T15:52:46.083890,Francisco,Letters,Large,Static,Text field + Enter,Shaking frame,True,Black,Random colors,2.0,3.0,10,7,F,721.56
2025-11-21T15:52:46.083890,Francisco,Letters,Large,Static,Text field + Enter,Shaking frame,True,Black,Random colors,2.0,3.0,10,8,I,952.92
2025-11-21T15:52:46.083890,Francisco,Letters,Large,Static,Text field + Enter,Shaking frame,True,Black,Random colors,2.0,3.0,10,9,C,646.64
2025-11-21T15:52:46.083890,Francisco,Letters,Large,Static,Text field + Enter,Shaking frame,True,Black,Random colors,2.0,3.0,10,10,T,787.95
2025-12-02T14:18:04.473118,Francisco,Letters,Small,Moving,Text field + Enter,Shaking frame,True,Random colors,Random colors,0.5,7.0,10,1,N,2014.68
2025-12-02T14:18:04.473118,Francisco,Letters,Small,Moving,Text field + Enter,Shaking frame,True,Random colors,Random colors,0.5,7.0,10,2,T,1710.78
2025-12-02T14:18:04.473118,Francisco,Letters,Small,Moving,Text field + Enter,Shaking frame,True,Random colors,Random colors,0.5,7.0,10,3,I,985.62
2025-12-02T14:18:04.473118,Francisco,Letters,Small,Moving,Text field + Enter,Shaking frame,True,Random colors,Random colors,0.5,7.0,10,4,M,851.31
2025-12-02T14:18:04.473118,Francisco,Letters,Small,Moving,Text field + Enter,Shaking frame,True,Random colors,Random colors,0.5,7.0,10,5,G,902.69
2025-12-02T14:18:04.473118,Francisco,Letters,Small,Moving,Text field + Enter,Shaking frame,True,Random colors,Random colors,0.5,7.0,10,6,P,853.66
2025-12-02T14:18:04.473118,Francisco,Letters,Small,Moving,Text field + Enter,Shaking frame,True,Random colors,Random colors,0.5,7.0,10,7,B,897.89
2025-12-02T14:18:04.473118,Francisco,Letters,Small,Moving,Text field + Enter,Shaking frame,True,Random colors,Random colors,0.5,7.0,10,8,A,615.95
2025-12-02T14:18:04.473118,Francisco,Letters,Small,Moving,Text field + Enter,Shaking frame,True,Random colors,Random colors,0.5,7.0,10,9,D,774.88
2025-12-02T14:18:04.473118,Francisco,Letters,Small,Moving,Text field + Enter,Shaking frame,True,Random colors,Random colors,0.5,7.0,10,10,E,720.4
